"1","Lenovo Y50 (59426157) Gaming Laptop Intel Core i7 4700HQ (2.40GHz) 16GB Memory 1TB HDD 8GB SSD NVIDIA GeForce GTX 860M 2GB 15.6 Windows 8.1 64-Bit","http://www.newegg.com/Product/Product.aspx?Item=N82E16834317542","1069.99, External DVD+/-RW, 15.24&quot; x 10.37&quot; x 0.94&quot; 5.29 lbs., Windows 8.1 64-Bit, 15.6&quot; 1920 x 1080, 16GB Memory 1TB HDD 8GB SSD, Intel Core i7 4700HQ (2.40GHz), NVIDIA GeForce GTX 860M 2GB"
"2","ASUS X551CA-XH31 Notebook Intel Core i3 3217U (1.80GHz) 4GB Memory 320GB HDD Intel HD Graphics 4000 15.6 Windows 8 Pro","http://www.newegg.com/Product/Product.aspx?Item=N82E16834231545","389.99, DVD±R/RW, Windows 8 Pro, 1366 x 768, Intel HD Graphics 4000, 4GB Memory 320GB HDD, Intel Core i3 3217U (1.80GHz)"
"3","Acer Aspire ES1-111M-C40S Notebook Intel Celeron N2840 (2.16GHz) 2GB Memory 32GB Internal Storage Intel HD Graphics 11.6 Windows 8.1 with Bing","http://www.newegg.com/Product/Product.aspx?Item=N82E16834314645","199.99, Windows 8.1 with Bing, 1366 x 768, Intel HD Graphics, 2GB Memory 32GB Internal Storage, Intel Celeron N2840 (2.16GHz)"
"4","DELL Inspiron i15RMT-9977sLV Notebook Intel Core i7 4500U (1.80GHz) 12GB Memory 1TB HDD Intel HD Graphics 4400 15.6 Touchscreen Windows 8 64-Bit","http://www.newegg.com/Product/Product.aspx?Item=N82E16834299255","699.99, Tray load DVD Drive (Reads and Writes to DVD / CD), Windows 8 64-Bit, 1366 x 768, Touchscreen, Intel HD Graphics 4400, 12GB Memory 1TB HDD, Intel Core i7 4500U (1.80GHz)"
"5","Acer V3-572PG-767J Notebook Intel Core i7 4510U (2.00GHz) 8GB Memory 1TB HDD NVIDIA GeForce GT 840M 15.6 Touchscreen Windows 8.1 64-Bit","http://www.newegg.com/Product/Product.aspx?Item=N82E16834314575","809.49, Windows 8.1 64-Bit, Touchscreen, NVIDIA GeForce GT 840M, 8GB Memory 1TB HDD, Intel Core i7 4510U (2.00GHz)"
"6","Acer E5-571-7776 (NX.MLTAA.018) Notebook Intel Core i7 4510U (2.00GHz) 8GB Memory 1TB HDD Intel HD Graphics 4400 15.6 Windows 8.1 64-Bit","http://www.newegg.com/Product/Product.aspx?Item=N82E16834314685","699.99, Windows 8.1 64-Bit, 1366 x 768, Intel HD Graphics 4400, 8GB Memory 1TB HDD, Intel Core i7 4510U (2.00GHz)"
"7","Acer E5-571G-38VF Notebook Intel Core i3 4030U (1.90GHz) 4GB Memory 500GB HDD NVIDIA GeForce GT 820M 15.6 Windows 8.1 64-Bit","http://www.newegg.com/Product/Product.aspx?Item=N82E16834314562","489.99, Windows 8.1 64-Bit, NVIDIA GeForce GT 820M, 4GB Memory 500GB HDD, Intel Core i3 4030U (1.90GHz)"
"8","Acer Aspire E5-471-52TW Notebook Intel Core i5 4210U (1.70GHz) 4GB Memory 500GB HDD Intel HD Graphics 4400 14.0 Windows 8.1 64-Bit","http://www.newegg.com/Product/Product.aspx?Item=N82E16834314556","499.99, Windows 8.1 64-Bit, 1366 x 768, Intel HD Graphics 4400, 4GB Memory 500GB HDD, Intel Core i5 4210U (1.70GHz)"
"9","Acer E5-721-20GJ Notebook AMD A-Series E2-6100 (1.50GHz) 4GB Memory 500GB HDD AMD Radeon R2 Series 17.3 Windows 8.1 64-Bit","http://www.newegg.com/Product/Product.aspx?Item=N82E16834314558","379.99, Windows 8.1 64-Bit, AMD Radeon R2 Series, 4GB Memory 500GB HDD, AMD A-Series E2-6100 (1.50GHz)"
"10","Acer Aspire V3-572G-70TA Notebook Intel Core i7 4510U (2.00GHz) 8GB DDR3L Memory 1TB HDD NVIDIA GeForce GT 840M 15.6 Windows 8.1","http://www.newegg.com/Product/Product.aspx?Item=N82E16834314591","699.99, Windows 8.1, 1920 x 1080, NVIDIA GeForce GT 840M, 8GB DDR3L Memory 1TB HDD, Intel Core i7 4510U (2.00GHz)"
"11","Lenovo Flex 2 15 (59422542) 2-in-1 Notebook Intel Core i3 4030U (1.90GHz) 4GB Memory 500GB HDD 8GB SSD Intel HD Graphics 4400 15.6 Touchscreen Windows 8.1","http://www.newegg.com/Product/Product.aspx?Item=N82E16834317611","419.99, Windows 8.1, 1366 x 768, Touchscreen, Intel HD Graphics 4400, 4GB Memory 500GB HDD 8GB SSD, Intel Core i3 4030U (1.90GHz)"
"12","Acer E5-521G-60BX Notebook AMD A-Series A6-6310 (1.80GHz) 4GB Memory 500GB HDD AMD Radeon R5 M240 15.6 Windows 8.1 64-Bit","http://www.newegg.com/Product/Product.aspx?Item=N82E16834314561","429.99, Windows 8.1 64-Bit, AMD Radeon R5 M240, 4GB Memory 500GB HDD, AMD A-Series A6-6310 (1.80GHz)"
"13","Lenovo ThinkPad Edge E540 Intel Core i7 4GB Memory 500GB HDD 15.6 LED Display Windows 7 Professional/Windows 8 Pro 64-bit Matte Black Notebook - 20C6008QUS","http://www.newegg.com/Product/Product.aspx?Item=9SIA4P021N8786","639.99, DVD-Writer, Windows 7 Professional (Optional: Windows 8 Pro 64-bit), 1366 x 768, Intel HD Graphics 4600, 4GB Memory 500GB HDD, Intel Core i7 4702MQ (2.20GHz)"
"14","Fujitsu LifeBook SPFC-E544-001 Notebook Intel Core i5 4210M (2.6GHz) 4GB Memory 500GB HDD 8GB SSD Intel HD Graphics 4600 14.0 Windows 7 Professional 64-Bit & Windows 8.1 Pro 64-Bit Recovery media in","http://www.newegg.com/Product/Product.aspx?Item=N82E16834700295","|NOT AVAILABLE|, Unique Modular DLDVD, 500 GB Hybrid hard drive/ 8 GB Cache, 4 GB + empty slot DDR3L 1600MHz, 4th Gen i5-4210M (3MB up to 3.2 GHz), Win 7 Pro 64 bit w/ Win 8.1 Pro 64-bit disc, 14&quot; HD (1366x768)"
"15","Lenovo Flex 2 15D 2-in-1 Notebook AMD A-Series A8-6410 8GB Memory 1TB HDD 15.6 Touchscreen Windows 8.1","http://www.newegg.com/Product/Product.aspx?Item=9SIA24G1XA5662","550.30, DVDRW, Windows 8.1, 1366 x 768, Touchscreen, 8GB Memory 1TB HDD, AMD A-Series A8-6410"
"16","Acer V3-331-P4TE Notebook Intel Pentium 3556U (1.70GHz) 4GB Memory 500GB HDD Intel HD Graphics 13.3 Windows 8.1 64-Bit","http://www.newegg.com/Product/Product.aspx?Item=N82E16834314588","459.00, Windows 8.1 64-Bit, 1366 x 768, Intel HD Graphics, 4GB Memory 500GB HDD, Intel Pentium 3556U (1.70GHz)"
"17","HP 255 G2 (G4V21LP#ABA) Notebook AMD E1-Series E1-2100 (1.00GHz) 2GB Memory 320GB HDD AMD Radeon HD 8210 15.6 Linux","http://www.newegg.com/Product/Product.aspx?Item=N82E16834259392","199.99, DVD Super Multi, Linux, 1366 x 768, AMD Radeon HD 8210, 2GB Memory 320GB HDD, AMD E1-Series E1-2100 (1.00GHz)"
"18","MSI GS60 Ghost-470 Gaming Laptop Intel Core i7 4700HQ (2.40GHz) 12GB Memory 1TB HDD 128 GB M.2SATA SSD NVIDIA GeForce GTX 860M 2GB 15.6 Windows 8.1 64-Bit Multi-language","http://www.newegg.com/Product/Product.aspx?Item=N82E16834152689","1279.00, 2 Years Warranty, 15.35&quot; x 10.47&quot; x 0.78&quot; 4.36 lbs., Windows 8.1 64-Bit, 15.6&quot; 1920 x 1080, 12GB Memory 1TB HDD 128 GB M.2SATA SSD, Intel Core i7 4700HQ (2.40GHz), NVIDIA GeForce GTX 860M 2GB"
"19","MSI CX61 2PC-499US Gaming Laptop Intel Core i5 4200M (2.50GHz) 8GB Memory 750GB HDD NVIDIA GeForce GT 820M 2GB 15.6 Windows 8.1","http://www.newegg.com/Product/Product.aspx?Item=N82E16834152586","|NOT AVAILABLE|, DVD Super Multi, 15.08&quot; x 9.82&quot; x 1.27-1.48&quot; 5.29 lbs., Windows 8.1, 15.6&quot; 1366 x 768, 8GB Memory 750GB HDD, Intel Core i5 4200M (2.50GHz), NVIDIA GeForce GT 820M 2GB"
"20","Lenovo Y50 4K (59425943) Gaming Laptop Intel Core i7 4700HQ (2.40GHz) 16GB Memory 256GB SSD NVIDIA GeForce GTX 860M 2GB 15.6 4K Windows 8.1 64-Bit","http://www.newegg.com/Product/Product.aspx?Item=N82E16834317540","1199.99, External DVD +/-RW, 15.24&quot; x 10.37&quot; x 0.94&quot; 5.29 lbs., Windows 8.1 64-Bit, 15.6&quot; 4K 3840 x 2160, 16GB Memory 256GB SSD, Intel Core i7 4700HQ (2.40GHz), NVIDIA GeForce GTX 860M 2GB"
"21","Acer Aspire V17 Nitro Black Edition VN7-791G-77JJ Notebook Intel Core i7 4710HQ (2.50GHz) 16 GB DDR3L Memory 1TB HDD 256GB SSD NVIDIA GeForce GTX 860M 2GB 17.3 Windows 8.1 64-Bit","http://www.newegg.com/Product/Product.aspx?Item=N82E16834314681","1279.99, DVD-Writer, 16.7&quot; x 11.5&quot; x 1.0&quot; 6.61 lbs., Windows 8.1 64-Bit, 1920 x 1080, NVIDIA GeForce GTX 860M 2GB, 16 GB DDR3L Memory 1TB HDD 256GB SSD, Intel Core i7 4710HQ (2.50GHz)"
"22","ASUS ROG G751 Series G751JT-CH71 Gaming Laptop Intel Core i7 4710HQ (2.50GHz) 16GB Memory 1TB HDD NVIDIA GeForce GTX 970M 3GB 17.3 Windows 8.1 64-Bit","http://www.newegg.com/Product/Product.aspx?Item=N82E16834232202","1499.00, DL DVD±RW/CD-RW, 16.4 x 12.5&quot; x 0.9&quot;-1.7&quot; 8.4 lbs., Windows 8.1 64-Bit, 1920 x 1080, NVIDIA GeForce GTX 970M 3GB, 16GB Memory 1TB HDD, Intel Core i7 4710HQ (2.50GHz), Republic of Gamers"
"23","ASUS ROG GL771JM-DH71 Gaming Laptop Intel Core i7 4710HQ (2.50GHz) 12GB Memory 1TB HDD NVIDIA GeForce GTX 860M 2GB 17.3 Windows 8.1 64-Bit","http://www.newegg.com/Product/Product.aspx?Item=N82E16834232205","999.00, DL DVD±RW/CD-RW, 16.3&quot; x 11.0&quot; x 1.2&quot; - 1.4&quot; 7.5 lbs., Windows 8.1 64-Bit, 17.3&quot; 1920 x 1080, 12GB Memory 1TB HDD, Intel Core i7 4710HQ (2.50GHz), NVIDIA GeForce GTX 860M 2GB"
"24","MSI GT Series GT70 Dominator-895 Gaming Laptop Intel Core i7 4800MQ (2.70GHz) 8GB Memory 1TB HDD NVIDIA GeForce GTX 870M 3GB 17.3 Windows 8.1 64-Bit","http://www.newegg.com/Product/Product.aspx?Item=N82E16834152554","1199.00, 2 Year Warranty, 16.85&quot; x 11.34&quot; x 2.17&quot; 8.6 lbs., DVD Super Multi, Windows 8.1 64-Bit, 17.3&quot; 1920 x 1080, 8GB Memory 1TB HDD, Intel Core i7 4800MQ (2.70GHz), NVIDIA GeForce GTX 870M 3GB"
"25","ASUS ROG G750 Series G750JM-DS71 Gaming Laptop Intel Core i7 4700HQ (2.40GHz) 12GB Memory 1TB HDD NVIDIA GeForce GTX 860M 17.3 Windows 8.1 64-Bit","http://www.newegg.com/Product/Product.aspx?Item=N82E16834231630","1149.00, DVD±R/RW, 16.1&quot; x 12.5&quot; x 0.7&quot;-2.0&quot; 9.9 lbs., Windows 8.1 64-Bit, 1920 x 1080, NVIDIA GeForce GTX 860M, 12GB Memory 1TB HDD, Intel Core i7 4700HQ (2.40GHz), Republic of Gamers"
"26","MSI GP Series GP60 Leopard-472 Gaming Laptop Intel Core i7 4710HQ (2.50GHz) 8GB Memory 1TB HDD NVIDIA GeForce GT 840M 2GB 15.6 Windows 8.1 Multi-language 64-Bit","http://www.newegg.com/Product/Product.aspx?Item=N82E16834152646","789.00, 2 year Limited Warranty, 15.07&quot; x 9.82&quot; x 1.27&quot;-1.48&quot; 5.95 lbs., Windows 8.1 64-Bit, 15.6&quot; 1920 x 1080, 8GB Memory 1TB HDD, Intel Core i7 4710HQ (2.50GHz), NVIDIA GeForce GT 840M 2GB"
"27","ASUS ROG G751 series G751JT-DH72 Gaming Laptop Intel Core i7 4710HQ (2.50GHz) 16GB Memory 1TB HDD 256GB SSD NVIDIA GeForce GTX 970M 3GB 17.3 Windows 8.1 64-Bit","http://www.newegg.com/Product/Product.aspx?Item=N82E16834232203","1749.00, DL DVD±RW/CD-RW, 16.4 x 12.5&quot; x 0.9&quot;-1.7&quot; 8.4 lbs., Windows 8.1 64-Bit, 1920 x 1080, NVIDIA GeForce GTX 970M 3GB, 16GB Memory 1TB HDD 256GB SSD, Intel Core i7 4710HQ (2.50GHz), Republic of Gamers"
"28","MSI GS Series GS60 Ghost-444 Gaming Laptop Intel Core i7 4710HQ (2.50GHz) 16GB Memory 1TB HDD 128GB SSD NVIDIA GeForce GTX 860M 4 GB GDDR5 15.6 Windows 8.1 64-Bit","http://www.newegg.com/Product/Product.aspx?Item=N82E16834152623","1399.99, 2 Year Warranty, 15.35&quot; x 10.47&quot; x 0.78&quot; 4.36 lbs., Windows 8.1 64-Bit, 15.6&quot; 1920 x 1080, 16GB Memory 1TB HDD 128GB SSD, Intel Core i7 4710HQ (2.50GHz), NVIDIA GeForce GTX 860M 4 GB GDDR5"
"29","Lenovo Y50 (59426157) Gaming Laptop Intel Core i7 4700HQ (2.40GHz) 16GB Memory 1TB HDD 8GB SSD NVIDIA GeForce GTX 860M 2GB 15.6 Windows 8.1 64-Bit","http://www.newegg.com/Product/Product.aspx?Item=N82E16834317542","1069.99, External DVD+/-RW, 15.24&quot; x 10.37&quot; x 0.94&quot; 5.29 lbs., Windows 8.1 64-Bit, 15.6&quot; 1920 x 1080, 16GB Memory 1TB HDD 8GB SSD, Intel Core i7 4700HQ (2.40GHz), NVIDIA GeForce GTX 860M 2GB"
"30","HP OMEN 15-5010NR Gaming Laptop Intel Core i7 4710HQ (2.50GHz) 8GB Memory 256GB SSD NVIDIA GeForce GTX 860M 2 GB GDDR5 15.6 Touchscreen Windows 8.1 64-Bit","http://www.newegg.com/Product/Product.aspx?Item=N82E16834259370","|NOT AVAILABLE|, 15.07&quot; x 9.74&quot; x 0.78&quot; 4.68 lbs., Windows 8.1 64-Bit, 15.6&quot; Touchscreen 1920 x 1080, 8GB Memory 256GB SSD, Intel Core i7 4710HQ (2.50GHz), NVIDIA GeForce GTX 860M 2 GB GDDR5"
"31","ASUS N550JK-DS71T Gaming Laptop Intel Core i7 4700HQ (2.40GHz) 8GB Memory 1TB HDD NVIDIA GeForce GTX 850M 2GB GDDR3 15.6 Touchscreen Windows 8.1 64-bit","http://www.newegg.com/Product/Product.aspx?Item=N82E16834231684","929.00, DVD±R/RW, 15.1&quot; x 10&quot; x 1.1&quot; 6.0lbs, Windows 8.1 64-bit, 15.6&quot; Touchscreen 1920 x 1080, 8GB Memory 1TB HDD, Intel Core i7 4700HQ (2.40GHz), NVIDIA GeForce GTX 850M 2GB GDDR3"
"32","SAMSUNG Chromebook 2 XE503C12-K02US Chromebook Samsung Exynos 5 Octa 5420 1.90GHz 4GB Memory 16 GB eMMC SSD 11.6 Chrome OS","http://www.newegg.com/Product/Product.aspx?Item=N82E16834131778","|NOT AVAILABLE|, Chrome OS, 1366 x 768, Integrated Graphics, 4GB Memory 16 GB eMMC SSD, Samsung Exynos 5 Octa 5420 1.90GHz"
"33","MSI GS60 Ghost Pro-066 Gaming Laptop Intel Core i7 4710HQ (2.50GHz) 16GB Memory 1TB HDD 256GB SSD NVIDIA GeForce GTX 970M 6GB 15.6 Windows 8.1 64-Bit Multi-language","http://www.newegg.com/Product/Product.aspx?Item=N82E16834152685","2049.00, 2 Years Warranty, 15.35&quot; x 10.47&quot; x 0.78&quot; 4.2 lbs., Windows 8.1 64-Bit, 15.6&quot; 1920x1080, 16GB Memory 1TB HDD 256GB (128GBx 2 RAID 0) SSD, Intel Core i7 4710HQ (2.50GHz), NVIDIA GeForce GTX 970M 6GB"
"34","ASUS ROG G751 series G751JY-DH72X Gaming Laptop Intel Core i7 4860HQ (2.40GHz) 32GB Memory 1TB HDD 512 GB SSD (PCIEG2) SSD NVIDIA GeForce GTX 980M 4GB 17.3 Windows 8.1 64-Bit","http://www.newegg.com/Product/Product.aspx?Item=N82E16834232204","2798.00, 16.4 x 12.5&quot; x 0.9&quot;-1.7&quot; 8.4 lbs., Windows 8.1 64-Bit, 17.3&quot; 1920 x 1080, 32GB Memory 1TB HDD 512 GB SSD, Intel Core i7 4860HQ (2.40GHz), NVIDIA GeForce GTX 980M 4GB, Republic of Gamers"
"35","MSI GS Series GS70 Stealth Pro-098 Gaming Laptop Intel Core i7 4710HQ (2.50GHz) 16GB Memory 1TB HDD 512GB SSD NVIDIA GeForce GTX 970M 6GB 17.3 Windows 8.1 64-Bit","http://www.newegg.com/Product/Product.aspx?Item=N82E16834152683","2199.00, 2 Years Warranty, 16.47&quot; x 11.29&quot; x 0.85&quot; 5.7 lbs., Windows 8.1 64-Bit, 17.3&quot; 1920 x 1080, 16GB Memory 1TB HDD 512GB SSD, Intel Core i7 4710HQ (2.50GHz), NVIDIA GeForce GTX 970M 6GB"
"36","MSI GP Series GP60 Leopard-010 Gaming Laptop Intel Core i5 4200M (2.50GHz) 8GB Memory 750GB HDD NVIDIA GeForce GT 840M 2GB 15.6 Windows 8.1 Multi-language","http://www.newegg.com/Product/Product.aspx?Item=N82E16834152570","799.99, 2 Year Warranty, 16.45&quot; x 10.60&quot; x 1.53&quot; 5.95 lbs., Windows 8.1 Multi-language, 15.6&quot; 1920 x 1080, 8GB Memory 750GB HDD, Intel Core i5 4200M (2.50GHz), NVIDIA GeForce GT 840M 2GB"
"37","MSI GP Series GP70 Leopard-010 Gaming Laptop Intel Core i5 4200M (2.50GHz) 8GB Memory 1TB HDD NVIDIA GeForce GT 840M 2GB 17.3 Windows 8.1 64-bit","http://www.newegg.com/Product/Product.aspx?Item=N82E16834152568","699.00, 2 Year Warranty, 16.45&quot; x 10.60&quot; x 1.53&quot; 5.95 lbs., DVD Super Multi, Windows 8.1 64-bit, 17.3&quot; 1920 x 1080, 8GB Memory 1TB HDD, Intel Core i5 4200M (2.50GHz), NVIDIA GeForce GT 840M 2GB"
"38","GIGABYTE P35Wv2-SP1 Gaming Laptop Intel Core i7 4710HQ (2.50GHz) 8GB Memory 1TB HDD 128GB SSD NVIDIA GeForce GTX 870M 3 GB GDDR5 15.6 Windows 8.1","http://www.newegg.com/Product/Product.aspx?Item=N82E16834233059","1229.99, 2 years warranty, DVD, Windows 8.1, 15.6&quot; 1920 x 1080, 8GB Memory 1TB HDD 128GB SSD, Intel Core i7 4710HQ (2.50GHz), NVIDIA GeForce GTX 870M 3 GB GDDR5"
"39","MSI GS Series GS60 Ghost Pro 4K-078 Gaming Laptop Intel Core i7 4710HQ (2.50GHz) 16GB Memory 1TB HDD 256GB SSD NVIDIA GeForce GTX 970M 6 GB GDDR5 15.6 4K Windows 8.1 64-Bit","http://www.newegg.com/Product/Product.aspx?Item=N82E16834152691","2099.00, 2 Years Warranty, 15.35&quot; x 10.47&quot; x 0.78&quot; 4.2 lbs., Windows 8.1 64-Bit, 15.6&quot; 4K 3840 x 2160, 16GB Memory 1TB HDD 256GB SSD, Intel Core i7 4710HQ (2.50GHz), NVIDIA GeForce GTX 970M 6 GB GDDR5"
"40","MSI GS Series GS70 Stealth Pro-097 Gaming Laptop Intel Core i7 4710HQ (2.50GHz) 16GB Memory 1TB HDD 384GB SSD NVIDIA GeForce GTX 970M 6GB 17.3 Windows 8.1 64-Bit","http://www.newegg.com/Product/Product.aspx?Item=N82E16834152682","2174.00, 2 Years Warranty, 16.47&quot; x 11.29&quot; x 0.85&quot; 5.7 lbs., Windows 8.1 64-Bit, 17.3&quot; 1920 x 1080, 16GB Memory 1TB HDD 384GB SSD, Intel Core i7 4710HQ (2.50GHz), NVIDIA GeForce GTX 970M 6GB"
"41","MSI GS Series GS60 Ghost-003 Gaming Laptop Intel Core i7 4700HQ (2.40GHz) 16GB Memory 1TB HDD 128GB SSD NVIDIA GeForce GTX 860M 2GB 15.6 Windows 8.1","http://www.newegg.com/Product/Product.aspx?Item=N82E16834152566","1498.99, 2 Year Warranty, 15.35&quot; x 10.47&quot; x 0.78&quot; 4.36 lbs., Windows 8.1, 15.6&quot; 1920 x 1080, 16GB Memory 1TB HDD 128GB SSD, Intel Core i7 4700HQ (2.40GHz), NVIDIA GeForce GTX 860M 2GB"
"42","MSI GS Series GS70 Stealth Pro-099 Gaming Laptop Intel Core i7 4710HQ (2.50GHz) 16GB Memory 1TB HDD 128 GB mSATA SSD NVIDIA GeForce GTX 970M 6GB 17.3 Windows 8.1 64-Bit","http://www.newegg.com/Product/Product.aspx?Item=N82E16834152684","1899.00, 2 Years Warranty, 16.47&quot; x 11.29&quot; x 0.85&quot; 5.7 lbs., Windows 8.1 64-Bit, 17.3&quot; 1920 x 1080, 16GB Memory 1TB HDD 128 GB mSATA SSD, Intel Core i7 4710HQ (2.50GHz), NVIDIA GeForce GTX 970M 6GB"
"43","GIGABYTE P25Wv2-SP2 Gaming Laptop Intel Core i7 4710MQ (2.50GHz) 8GB Memory 1TB HDD NVIDIA GeForce GTX 870M 3 GB GDDR5 15.6 Windows 8.1 64-Bit","http://www.newegg.com/Product/Product.aspx?Item=N82E16834233060","1049.00, 2 Years Warranty, 15.43&quot; x 10.35&quot; x 1.51&quot; 6.17 lbs., Windows 8.1 64-Bit, 15.6&quot; 1920 x 1080, 8GB Memory 1TB HDD, Intel Core i7 4710MQ (2.50GHz), NVIDIA GeForce GTX 870M 3 GB GDDR5"
"44","MSI GS Series GS60 Ghost Pro 4K-079 Gaming Laptop Intel Core i7 4710HQ (2.50GHz) 16GB Memory 1TB HDD 256GB SSD NVIDIA GeForce GTX 970M 3 GB GDDR5 15.6 4K Windows 8.1 64-Bit","http://www.newegg.com/Product/Product.aspx?Item=N82E16834152692","2099.00, 2 Years Warranty, 15.35&quot; x 10.47&quot; x 0.78&quot; 4.2 lbs., Windows 8.1 64-Bit, 15.6&quot; 4K 3840 x 2160, 16GB Memory 1TB HDD 256GB SSD, Intel Core i7 4710HQ (2.50GHz), NVIDIA GeForce GTX 970M 3 GB GDDR5"
"45","MSI GS Series GS60 Ghost Pro-064 Gaming Laptop Intel Core i7 4710HQ (2.50GHz) 16GB Memory 1TB HDD 128 GB M.2SATA SSD NVIDIA GeForce GTX 970M 6GB 15.6 Windows 8.1 64-Bit","http://www.newegg.com/Product/Product.aspx?Item=N82E16834152686","1899.00, 2 Years Warranty, 15.35&quot; x 10.47&quot; x 0.78&quot; 4.2 lbs., Windows 8.1 64-Bit, 15.6&quot; 1920 x 1080, 16GB Memory 1TB HDD 128 GB M.2SATA SSD, Intel Core i7 4710HQ (2.50GHz), NVIDIA GeForce GTX 970M 6GB"
"46","Lenovo Y50 Touch (59426255) Gaming Laptop Intel Core i7 4700HQ (2.40GHz) 8GB Memory 1TB HDD 8GB SSD NVIDIA GeForce GTX 860M 2GB 15.6 Touchscreen Windows 8.1 64-Bit","http://www.newegg.com/Product/Product.aspx?Item=N82E16834317541","1049.99, 15.24&quot; x 10.37&quot; x 0.94&quot; 5.29lbs, Windows 8.1 64-Bit, 15.6&quot; Touchscreen 1920 x 1080, 8GB Memory 1TB HDD 8GB SSD, Intel Core i7 4700HQ (2.40GHz), NVIDIA GeForce GTX 860M 2GB"
"47","Razer Blade RZ09-01161E31-R3U1 Gaming Laptop Intel Core i7 4702HQ (2.20GHz) 8GB Memory 256GB SSD NVIDIA GeForce GTX 870M 3GB GDDR5 14.0 Touchscreen Windows 8.1 64-Bit","http://www.newegg.com/Product/Product.aspx?Item=N82E16834326011","1999.00, 13.6&quot; x 9.3&quot; x 0.7&quot; 4.47lbs, Windows 8.1 64-Bit, 14.0&quot; Touchscreen 3200 x 1800, 8GB Memory 256GB SSD, Intel Core i7 4702HQ (2.20GHz), NVIDIA GeForce GTX 870M 3GB GDDR5"
"48","MSI GT72 Dominator Pro-444 Gaming Laptop Intel Core i7 4980HQ (2.80GHz) 32GB Memory 1TB HDD 1TB SSD NVIDIA GeForce GTX 980M 8GB 17.3 Windows 8.1 64-Bit","http://www.newegg.com/Product/Product.aspx?Item=N82E16834152687","3699.99, 2 Years Warranty, 16.85&quot; x 11.57&quot; x 1.89&quot; 8.4 lbs., BD Burner 9.5 mm, Windows 8.1 64-Bit, 17.3&quot; 1920 x 1080, 32GB Memory 1TB HDD 1TB SSD, Intel Core i7 4980HQ (2.80GHz), NVIDIA GeForce GTX 980M 8GB"
"49","ASUS ROG GL551 series GL551JM-EH71 Gaming Laptop Intel Core i7 4710HQ (2.50GHz) 16GB Memory 256GB SSD NVIDIA GeForce GTX 860M 2GB 15.6 Windows 8.1 64-Bit","http://www.newegg.com/Product/Product.aspx?Item=N82E16834232121","1147.00, DL DVD±RW/CD-RW, 15.0&quot; x 10.0&quot; x 0.6&quot;-1.3&quot; 6.0 lbs., Windows 8.1 64-Bit, 1920 x 1080, NVIDIA GeForce GTX 860M 2GB, 16GB Memory 256GB SSD, Intel Core i7 4710HQ (2.50GHz), Republic of Gamers"
"50","MSI GS Series GS60 Ghost Pro 4K-080 Gaming Laptop Intel Core i7 4710HQ (2.50GHz) 16GB Memory 1TB HDD 128GB SSD NVIDIA GeForce GTX 970M 3 GB GDDR5 15.6 4K Windows 8.1 64-Bit","http://www.newegg.com/Product/Product.aspx?Item=N82E16834152693","2049.00, 2 Years Warranty, 15.35&quot; x 10.47&quot; x 0.78&quot; 4.2 lbs., Windows 8.1 64-Bit, 15.6&quot; 4K 3840 x 2160, 16GB Memory 1TB HDD 128GB SSD, Intel Core i7 4710HQ (2.50GHz), NVIDIA GeForce GTX 970M 3 GB GDDR5"
"51","MSI GS Series GS60 Ghost-012 Gaming Laptop Intel Core i7 4710HQ (2.50GHz) 8GB Memory 1TB HDD NVIDIA GeForce GTX 850M 2GB GDDR3 15.6 Windows 8.1 64-Bit","http://www.newegg.com/Product/Product.aspx?Item=N82E16834152598","1199.00, 2 Year Warranty, 15.35&quot; x 10.47&quot; x 0.78&quot; 4.36 lbs., Windows 8.1 64-Bit, 15.6&quot; 1920 x 1080, 8GB Memory 1TB HDD, Intel Core i7 4710HQ (2.50GHz), NVIDIA GeForce GTX 850M 2GB GDDR3"
"52","MSI GS70 Stealth Pro-096 Gaming Laptop Intel Core i7 4710HQ (2.50GHz) 16GB Memory 1TB HDD 768 GB (256 GB mSATA x 3 RAID 0) SSD NVIDIA GeForce GTX 970M 6GB 17.3 Windows 8.1 64-Bit Multi-language","http://www.newegg.com/Product/Product.aspx?Item=N82E16834152681","2399.00, 2 Years Warranty, 16.47&quot; x 11.29&quot; x 0.85&quot; 5.7 lbs., Windows 8.1 64-Bit, 17.3&quot; 1920 x 1080, 16GB Memory 1TB HDD 768GB SSD, Intel Core i7 4710HQ (2.50GHz), NVIDIA GeForce GTX 970M 6GB"
"53","MSI GS Series GS70 Stealth-037 Gaming Laptop Intel Core i7 4700HQ (2.40GHz) 12GB Memory 750GB HDD 128GB SSD NVIDIA GeForce GTX 860M 2 GB GDDR5 17.3 Windows 8.1 64-Bit","http://www.newegg.com/Product/Product.aspx?Item=N82E16834152589","1289.99, 2 Year Warranty, 16.47&quot; x 11.29&quot; x 0.85&quot; 5.3 lbs., Windows 8.1 64-Bit, 17.3&quot; 1920 x 1080, 12GB Memory 750GB HDD 128GB SSD, Intel Core i7 4700HQ (2.40GHz), NVIDIA GeForce GTX 860M 2 GB GDDR5"
"54","MSI GT72 Dominator Pro-445 Gaming Laptop Intel Core i7 4980HQ (2.80GHz) 32GB Memory 1TB HDD 512GB SSD NVIDIA GeForce GTX 980M 8GB 17.3 Windows 8.1 64-Bit","http://www.newegg.com/Product/Product.aspx?Item=N82E16834152688","3199.99, 2 Years Warranty, 16.85&quot; x 11.57&quot; x 1.89&quot; 8.4 lbs., BD Burner 9.5 mm, Windows 8.1 64-Bit, 17.3&quot; 1920 x 1080, 32GB Memory 1TB HDD 512GB SSD, Intel Core i7 4980HQ (2.80GHz), NVIDIA GeForce GTX 980M 8GB"
"55","Lenovo G50 Notebook Intel Core i5 5200U (2.20GHz) 8GB Memory 1TB HDD Intel HD Graphics 5500 15.6 Windows 8.1","http://www.newegg.com/Product/Product.aspx?Item=N82E16834318436","529.99, DVD±R/RW, Windows 8.1, 1366 x 768, Intel HD Graphics 5500, 8GB Memory 1TB HDD, Intel Core i5 5200U (2.20GHz)"
"56","Acer Aspire V3-572G-54S6 Notebook Intel Core i5 4210U (1.70GHz) 8GB DDR3L Memory 1TB HDD NVIDIA GeForce GT 840M 15.6 Windows 8.1","http://www.newegg.com/Product/Product.aspx?Item=N82E16834314535","579.99, Windows 8.1, 1366 x 768, NVIDIA GeForce GT 840M, 8GB DDR3L Memory 1TB HDD, Intel Core i5 4210U (1.70GHz)"
"57","Refurbished: Samsung XE303C12-A01US 11.6 LED backlight Chromebook, Exynos 5 Dual Processor 1.70GHz, 2GB DDR3, 16GB SSD, Google Chrome OS.","http://www.newegg.com/Product/Product.aspx?Item=N82E16834131484","169.99, Fast Boot Technology allows you to boost in less than 10 seconds, 2.5lbs and Less than 0.8 inches thick, Webcam; Build-in Mic, USB 3.0; HDMI; Media Reader; Bluetooth 3.0; Dual-band Wireless"
"58","ASUS C300MA-EDU Chromebook Intel Celeron Dual-Core 4GB Memory 32GB eMMC SSD 13.3 Chrome OS","http://www.newegg.com/Product/Product.aspx?Item=N82E16834231870","263.99, Chrome OS, 1366 x 768, Intel HD Graphics, 4GB Memory 32GB eMMC SSD, Intel Celeron Dual-Core N2830 (2.16GHz)"
"59","Lenovo Z50 (80EC000TUS) Notebook AMD A-Series A10-7300 (1.90GHz) 8GB Memory 1TB HDD AMD Radeon R6 Series 15.6 Windows 8.1","http://www.newegg.com/Product/Product.aspx?Item=N82E16834317602","489.99, DVDRW, Windows 8.1, 1366 x 768, AMD Radeon R6 Series, 8GB Memory 1TB HDD, AMD A-Series A10-7300 (1.90GHz)"
"60","HP Stream 11-d010nr Notebook Intel Celeron N2840 (2.16GHz) 2GB Memory 32 GB eMMC SSD Intel HD Graphics 11.6 Windows 8.1 with Bing","http://www.newegg.com/Product/Product.aspx?Item=N82E16834259990","199.99, Windows 8.1 with Bing, 1366 x 768, Intel HD Graphics, 2GB Memory 32 GB eMMC SSD, Intel Celeron N2840 (2.16GHz)"
"61","SAMSUNG XE303C12-A01US Chromebook Samsung Exynos 1.70GHz 2GB Memory 16GB SSD 11.6 Google Chrome OS","http://www.newegg.com/Product/Product.aspx?Item=N82E16834131403","210.99, Google Chrome OS, 1366 x 768, Integrated Graphics, 2GB Memory 16GB SSD, Samsung Exynos 1.70GHz"
"62","Lenovo N20p (59418460) Chromebook Intel Celeron N2830 (2.16GHz) 2GB Memory 16GB SSD 11.6 Touchscreen Chrome OS","http://www.newegg.com/Product/Product.aspx?Item=N82E16834317736","289.99, Chrome OS, 1366 x 768, Intel HD Graphics, 2GB Memory 16GB SSD, Intel Celeron N2830 (2.16GHz)"
"63","SAMSUNG Chromebook 2 XE503C32-K01US Chromebook Samsung Exynos 5 Octa 5800 2.00GHz 4GB Memory 16 GB eMMC SSD 13.3 Chrome OS","http://www.newegg.com/Product/Product.aspx?Item=N82E16834131776","|NOT AVAILABLE|, Chrome OS, 1920 x 1080, Integrated Graphics, 4GB Memory 16 GB eMMC SSD, Samsung Exynos 5 Octa 5800 2.00GHz"
"64","SAMSUNG Chromebook 2 XE503C32-K01US Chromebook Samsung Exynos 5 Octa 5800 2.00GHz 4GB Memory 16 GB eMMC SSD 13.3 Chrome OS","http://www.newegg.com/Product/Product.aspx?Item=N82E16834131776","|NOT AVAILABLE|, Chrome OS, 1920 x 1080, Integrated Graphics, 4GB Memory 16 GB eMMC SSD, Samsung Exynos 5 Octa 5800 2.00GHz"
"65","Acer Aspire E E1-771-6496 Notebook Intel Core i5 3230M (2.60GHz) 6GB Memory 500GB HDD Intel HD Graphics 4000 17.3 Windows 7 Home Premium 64-Bit","http://www.newegg.com/Product/Product.aspx?Item=N82E16834314433","601.00, DVD Super Multi, Windows 7 Home Premium 64-Bit, 1600 x 900, Intel HD Graphics 4000, 6GB Memory 500GB HDD, Intel Core i5 3230M (2.60GHz)"
"66","Refurbished: HP Pavilion 17-E118DX (G4X63UAR#ABA) Notebooks AMD A-Series A8-4500M (1.90GHz) 4GB Memory 750GB HDD AMD Radeon HD 7640G 17.3 Windows 8.1 64-Bit","http://www.newegg.com/Product/Product.aspx?Item=N82E16834259543","372.99, DVD Super Multi, Windows 8.1 64-Bit, 1600 x 900, AMD Radeon HD 7640G, 4GB Memory 750GB HDD, AMD A-Series A8-4500M (1.90GHz)"
"67","Refurbished: Dell Latitude E6510 [Microsoft Authorized Recertified] 15.6 Notebook with Intel Core i5-520M 2.40Ghz (2.93 Turbo), 4GB DDR3 RAM, 250GB HDD, DVDRW, Windows 7 Professional 64 Bit","http://www.newegg.com/Product/Product.aspx?Item=N82E16834299257","299.99, 64 Bit Windows 7 Professional, Reads and Writes DVDs and CDs, Intermediate 4GB Memory and 250GB Storage, Intel Core i5 Power with Turbo Boost"
"68","DELL Alienware 17 ANW17-2136SLV Gaming Laptop Intel Core i7 4710HQ (2.50GHz) 8GB Memory 1TB HDD NVIDIA GeForce GTX 970M 3 GB GDDR5 17.3 Windows 8.1 64-Bit","http://www.newegg.com/Product/Product.aspx?Item=N82E16834299296","1479.00, 16.93&quot; x 11.49&quot; x 1.35&quot; 8.33 lbs., Windows 8.1 64-Bit, 17.3&quot; 1920 x 1080, 8GB Memory 1TB HDD, Intel Core i7 4710HQ (2.50GHz), NVIDIA GeForce GTX 970M 3 GB GDDR5"
"69","Acer C720P-2600 Chromebook Intel Celeron 2955U (1.40GHz) 2GB Memory 32GB SSD 11.6 Touchscreen Chrome OS","http://www.newegg.com/Product/Product.aspx?Item=N82E16834314486","292.99, Chrome OS, 1366 x 768, Intel HD Graphics, 2GB Memory 32GB SSD, Intel Celeron 2955U (1.40GHz)"
"70","Acer Aspire C720P-2457 Chromebook Intel Celeron 2955U (1.40GHz) 4GB Memory 32GB SSD 11.6 Touchscreen Chrome OS","http://www.newegg.com/Product/Product.aspx?Item=N82E16834314528","329.99, Chrome OS, 1366 x 768, Intel HD Graphics, 4GB Memory 32GB SSD, Intel Celeron 2955U (1.40GHz)"
"71","HP 350 G1 (G4S61UT#ABA) Notebook Intel Core i3 4005U (1.7GHz) 4GB Memory 500GB HDD Intel HD Graphics 4400 15.6 Windows 7 Professional 64-Bit","http://www.newegg.com/Product/Product.aspx?Item=9SIA24G1R19671","486.88, DVD Super Multi, Windows 7 Professional 64-Bit, 1366 x 768, Intel HD Graphics 4400, 4GB Memory 500GB HDD, Intel Core i3 4005U (1.7GHz)"
"72","DELL Inspiron 15 i3542-3333BK Notebook Intel Core i3 4030U (1.90GHz) 4GB Memory 500GB HDD Intel HD Graphics 15.6 Windows 8.1 64-Bit","http://www.newegg.com/Product/Product.aspx?Item=N82E16834300662","399.99, Tray load DVD Drive (Reads and Writes to DVD/CD), Windows 8.1 64-Bit, 1366 x 768, Intel HD Graphics, 4GB Memory 500GB HDD, Intel Core i3 4030U (1.90GHz)"
"73","ASUS K550CA-DH31T Notebook Intel Core i3 3217U (1.80GHz) 4GB Memory 500GB HDD Intel HD Graphics 4000 15.6 Touchscreen Windows 8 64-Bit","http://www.newegg.com/Product/Product.aspx?Item=N82E16834231479","369.99, DVD±RW, Windows 8 64-Bit, 1366 x 768, Touchscreen, Intel HD Graphics 4000, 4GB Memory 500GB HDD, Intel Core i3 3217U (1.80GHz)"
"74","ASUS C200MA-DS01 Chromebook Intel Celeron N2830 (2.16GHz) 2GB DDR3 Memory 16GB eMMC SSD 11.6 Chrome OS","http://www.newegg.com/Product/Product.aspx?Item=N82E16834231755","179.99, Chrome OS, 1366 x 768, Intel HD Graphics, 2GB DDR3 Memory 16GB eMMC SSD, Intel Celeron N2830 (2.16GHz)"
"75","Lenovo G50-45 (80E3005NUS) Notebook AMD A-Series A8-6410 (2.00GHz) 6GB Memory 1TB HDD AMD Radeon R5 Series 15.6 Windows 8.1","http://www.newegg.com/Product/Product.aspx?Item=N82E16834317597","458.99, DVDRW, Windows 8.1, 1366 x 768, AMD Radeon R5 Series, 6GB Memory 1TB HDD, AMD A-Series A8-6410 (2.00GHz)"
"76","Refurbished: Lenovo T430 (2344-BPU) Notebook Intel Core i7 3520M (2.90GHz) 4GB Memory 500GB HDD NVIDIA NVS 5400M + Intel HD Graphics 4000 14.0 Windows 7 Professional 64-Bit","http://www.newegg.com/Product/Product.aspx?Item=N82E16834318313","449.99, CD-DVDRW, Windows 7 Professional 64-Bit, 1366 x 768, NVIDIA NVS 5400M + Intel HD Graphics 4000, 4GB Memory 500GB HDD, Intel Core i7 3520M (2.90GHz)"
"77","HP Beats Special Edition 15-p030nr Notebook AMD A-Series A8-5545M (1.70GHz) 8GB Memory 1TB HDD AMD Radeon HD 8510G 15.6 Touchscreen Windows 8.1","http://www.newegg.com/Product/Product.aspx?Item=N82E16834258886","597.99, DVD Super Multi, Windows 8.1, 1366 x 768, Touchscreen, AMD Radeon HD 8510G, 8GB Memory 1TB HDD, AMD A-Series A8-5545M (1.70GHz)"
"78","Acer Aspire ES1-512-C88M Notebook Intel Celeron N2840 (2.16GHz) 4GB Memory 500GB HDD Intel HD Graphics 15.6 Windows 8.1 with Bing 64-Bit","http://www.newegg.com/Product/Product.aspx?Item=N82E16834314646","249.99, Windows 8.1 with Bing 64-Bit, 1366 x 768, Intel HD Graphics, 4GB Memory 500GB HDD, Intel Celeron N2840 (2.16GHz)"
"79","Refurbished: HP Elitebook 8460P [Microsoft Authorized Recertified] 14.1” Notebook with Intel Core i5-2520M 2.50Ghz (3.20Ghz Turbo), 4GB RAM, 250GB HDD, DVDRW, Windows 7 Professional 64 Bit","http://www.newegg.com/Product/Product.aspx?Item=N82E16834259069","249.99, 64 Bit Windows, Reads and Writes DVDs and CDs, Intermediate 4GB Memory and 250GB Storage, 2nd Generation Intel Core i5 (Sandy Bridge) Powered with Turbo, Perfect for Students and Working Professionals"
"80","SAMSUNG Chromebook 2 XE503C12-K01US Chromebook Samsung Exynos 5 Octa 5420 1.90GHz 4GB Memory 16 GB eMMC SSD 11.6 Chrome OS","http://www.newegg.com/Product/Product.aspx?Item=N82E16834131777","|NOT AVAILABLE|, Chrome OS, 1366 x 768, Integrated Graphics, 4GB Memory 16 GB eMMC SSD, Samsung Exynos 5 Octa 5420 1.90GHz"
"81","Refurbished: Lenovo T430 Notebook Intel Core i5 3320M (2.60GHz) 8GB Memory 180GB SSD 14.0 Windows 7 Professional 64-Bit","http://www.newegg.com/Product/Product.aspx?Item=N82E16834318421","409.99, DVDRW, Windows 7 Professional 64-Bit, 1366 x 768, 8GB Memory 180GB SSD, Intel Core i5 3320M (2.60GHz)"
"82","Refurbished: Lenovo ThinkPad X201 12.1” Notebook with Intel Core i7-620LM 2.00GHz (2.80Ghz Turbo), 4GB DDR3 Memory, 160GB HDD, Windows 7 Professional 64 Bit","http://www.newegg.com/Product/Product.aspx?Item=N82E16834318372","314.99, 12.1 Inch WXGA 1280 x 800 LED Backlit Display, Win 7 Pro 64, 4GB RAM 160GB HDD, Intel Core i7 2.00Ghz"
"83","Lenovo G50 Notebook Intel Core i7 5500U (2.40GHz) 16GB Memory 1TB HDD Intel HD Graphics 5500 15.6 Windows 8.1","http://www.newegg.com/Product/Product.aspx?Item=N82E16834318437","749.99, DVD±R/RW, Windows 8.1, 1366 x 768, Intel HD Graphics 5500, 16GB Memory 1TB HDD, Intel Core i7 5500U (2.40GHz)"
"84","Refurbished: Apple MacBook Pro MC373LL/A-R Notebook Intel Core i7 620M (2.66GHz) 4GB Memory 500GB HDD NVIDIA GeForce GT 330M 15.4 Mac OS X v10.6 Snow Leopard","http://www.newegg.com/Product/Product.aspx?Item=9SIA4DM1WK7664","999.99, 8x double-layer SuperDrive, Mac OS X v10.6 Snow Leopard, 1440 x 900, NVIDIA GeForce GT 330M, 4GB Memory 500GB HDD, Intel Core i7 620M (2.66GHz)"
"85","SAMSUNG Chromebook 2 XE503C12-K02US Chromebook Samsung Exynos 5 Octa 5420 1.90GHz 4GB Memory 16 GB eMMC SSD 11.6 Chrome OS","http://www.newegg.com/Product/Product.aspx?Item=N82E16834131778","|NOT AVAILABLE|, Chrome OS, 1366 x 768, Integrated Graphics, 4GB Memory 16 GB eMMC SSD, Samsung Exynos 5 Octa 5420 1.90GHz"
"86","Refurbished: ASUS X Series X550CA 15.6 Touchscreen Notebook with Intel Pentium ULV 2117U 1.8GHz, 4GB DDR3 RAM, 500GB HDD, Super-Multi DVD, HD Webcam, USB 3.0, HDMI Out, SonicMaster Audio, Windows 8","http://www.newegg.com/Product/Product.aspx?Item=N82E16834231895","289.99, Model # X550CA-SPD0304U, Full Size Keyboard, 3-in-1 card reader (SD/SDHC/SDXC), Sleek classic spin-line finish, Instant On 2-sec resume sleep, Ultra Low Voltage CPU = Long Usage"
"87","Acer Aspire V17 Nitro Black Edition VN7-791G-74SH Gaming Laptop Intel Core i7 4720HQ (2.60GHz) 8GB Memory 1TB HDD NVIDIA GeForce GTX 860M 4 GB GDDR5 17.3 Windows 8.1","http://www.newegg.com/Product/Product.aspx?Item=N82E16834314820","1099.00, 16.65&quot; x 11.54&quot; x 1.0&quot; 6.61 lbs., Windows 8.1, 17.3&quot; 1920 x 1080, 8GB Memory 1TB HDD, Intel Core i7 4720HQ (2.60GHz), NVIDIA GeForce GTX 860M 4 GB GDDR5"
"88","Refurbished: Toshiba CB35-A3120 13.3 Chromebook with Intel Celeron 2955U Dual Core 1.4Ghz CPU, 2GB DDR3L RAM, 16GB SSD, Bluetooth 4.0, HDMI Out, Google Chrome OS","http://www.newegg.com/Product/Product.aspx?Item=N82E16834216790","199.99, Multi SD Card Reader, HD Webcam and Microphone, Chrome Keyboard, Sunray Silver Color, Fast Browsing Experience, Google Chrome OS, Lightweight and Fast"
"89","Refurbished: Lenovo ThinkPad T410 [Microsoft Authorized Recertified] 14.1” Notebook with Intel Core i5 2.4Ghz, 4GB DDR3 RAM, 250GB HDD, DVDROM, Windows 7 Professional 64 Bit","http://www.newegg.com/Product/Product.aspx?Item=N82E16834318234","259.99, Win 7 Pro 64, 4GB RAM 250GB HDD DVDROM, Core i5-520M 2.4Ghz"
"90","Lenovo IdeaPad Yoga 13 Intel Core i7 8GB 256GB SSD HDD 13.3 HD+ Touchscreen 2-1in-1 Ultrabook/Tablet (59359564) - Silver Gray","http://www.newegg.com/Product/Product.aspx?Item=9SIA0AJ11B5621","1999.95, Windows 8, 1600 x 900, Intel HD Graphics 4000, 8GB Memory 256GB SSD HDD, Intel Core i7 3537U(2.00GHz)"
"91","Lenovo 59439232 Notebook Intel Celeron N2840 (2.16GHz) 4GB Memory 500GB HDD Intel HD Graphics 15.6 Touchscreen Windows 8.1 64-Bit","http://www.newegg.com/Product/Product.aspx?Item=N82E16834318245","329.99, DVDRW, Windows 8.1 64-Bit, 1366 x 768, Touchscreen, Intel HD Graphics, 4GB Memory 500GB HDD, Intel Celeron N2840 (2.16GHz)"
"92","DELL Alienware 15 ANW15-5350SLV Gaming Laptop Intel Core i7 4710HQ (2.50GHz) 16GB Memory 1TB HDD 128GB SSD NVIDIA GeForce GTX 970M 3 GB GDDR5 15.6 Windows 8.1 64-Bit","http://www.newegg.com/Product/Product.aspx?Item=N82E16834299300","1698.00, Windows 8.1 64-Bit, 15.6&quot; 1920 x 1080, 16GB Memory 1TB HDD 128GB SSD, Intel Core i7 4710HQ (2.50GHz), NVIDIA GeForce GTX 970M 3 GB GDDR5"
"93","ASUS P550CA-XH51 Notebook Intel Core i5 3337U (1.80GHz) 4GB Memory 500GB HDD Intel HD Graphics 4000 15.6 win7 Pro upgradeable to win8Pro","http://www.newegg.com/Product/Product.aspx?Item=N82E16834231337","499.99, DL DVD+/-RW/CD-RW, Windows 8 Pro 64-Bit, 1366 x 768, Intel HD Graphics 4000, 4GB Memory 500GB HDD, Intel Core i5 3337U (1.80GHz)"
"94","SAMSUNG Chromebook 2 XE503C32-K01US Chromebook Samsung Exynos 5 Octa 5800 2.00GHz 4GB Memory 16 GB eMMC SSD 13.3 Chrome OS","http://www.newegg.com/Product/Product.aspx?Item=N82E16834131776","|NOT AVAILABLE|, Chrome OS, 1920 x 1080, Integrated Graphics, 4GB Memory 16 GB eMMC SSD, Samsung Exynos 5 Octa 5800 2.00GHz"
"95","Refurbished: HP Pavilion 14-n018us (E8A80UA#ABA) NotebookAMD A-Series A8-5545M (1.70GHz) 6GB Memory 750GB HDD AMD Radeon HD 8510G 14.0 Touchscreen Windows 8.1 64-Bit","http://www.newegg.com/Product/Product.aspx?Item=N82E16834259885","359.99, DVD Super Multi, Windows 8.1 64-Bit, 1366 x 768, Touchscreen, AMD Radeon HD 8510G, 6GB Memory 750GB HDD, AMD A-Series A8-5545M (1.70GHz)"
"96","DELL Alienware 15 ANW15-7493SLV Gaming Laptop Intel Core i7 4710HQ (2.50GHz) 16GB Memory 1TB HDD 256GB SSD NVIDIA GeForce GTX 970M 3 GB GDDR5 15.6 4K Touchscreen Windows 8.1 64-Bit","http://www.newegg.com/Product/Product.aspx?Item=N82E16834299299","1899.00, Windows 8.1 64-Bit, 15.6&quot; 4K Touchscreen 3840 x 2160, 16GB Memory 1TB HDD 256GB SSD, Intel Core i7 4710HQ (2.50GHz), NVIDIA GeForce GTX 970M 3 GB GDDR5"
"97","Refurbished: DELL E6420 Notebook Intel Core i5 2520M (2.50GHz) 4GB Memory 250GB HDD Intel HD Graphics 3000 14.0 Windows 7 Professional 64-Bit","http://www.newegg.com/Product/Product.aspx?Item=N82E16834299253","269.99, DVDRW, Windows 7 Professional 64-Bit, Intel HD Graphics 3000, 4GB Memory 250GB HDD, Intel Core i5 2520M (2.50GHz)"
"98","Acer Aspire C720-3605 Chromebook Intel Core i3 4005U (1.7GHz) 4GB Memory 32GB SSD 11.6 Chrome OS","http://www.newegg.com/Product/Product.aspx?Item=N82E16834314529","339.99, Chrome OS, 1366 x 768, Intel HD Graphics 4400, 4GB Memory 32GB SSD, Intel Core i3 4005U (1.7GHz)"
"99","Refurbished: Apple MacBook Pro MC374LL/A Notebook Intel Core 2 Duo P8600 (2.40GHz) 4GB Memory 250GB HDD NVIDIA GeForce 320M 13.3 Mac OS X v10.6 Snow Leopard","http://www.newegg.com/Product/Product.aspx?Item=9SIA4DM1WK7599","679.00, DVD Burner, Mac OS X v10.6 Snow Leopard, 1280 x 800, NVIDIA GeForce 320M, 4GB Memory 250GB HDD, Intel Core 2 Duo P8600 (2.40GHz)"
"100","Apple MacBook Air (2013 Model) Intel Core i5 4GB LPDDR3 128GB SSD 13.3 Mac OS X v10.8 Mountain Lion (MD760LL/A)","http://www.newegg.com/Product/Product.aspx?Item=9SIA1K52CA1105","999.00, Mac OS X v10.8 Mountain Lion, 1440 x 900, Intel HD Graphics 5000, 4GB Memory 128GB SSD, Intel Core i5 1.30GHz"
"101","ASUS C300MA-DB01 Chromebook Intel Celeron N2830 (2.16GHz) 2GB DDR3 Memory 16GB eMMC SSD 13.3 Chrome OS","http://www.newegg.com/Product/Product.aspx?Item=N82E16834231756","199.99, Chrome OS, 1366 x 768, Intel HD Graphics, 2GB DDR3 Memory 16GB eMMC SSD, Intel Celeron N2830 (2.16GHz)"
"102","Acer Aspire E1-532-2635 Notebook Intel Celeron 2957U (1.40GHz) 4GB Memory 500GB HDD Intel HD Graphics 15.6 Windows 7 Home Premium 64-bit","http://www.newegg.com/Product/Product.aspx?Item=N82E16834314424","343.99, DVD-Writer, Windows 7 Home Premium 64-bit, 1366 x 768, Intel HD Graphics, 4GB Memory 500GB HDD, Intel Celeron 2957U (1.40GHz)"
"103","ASUS K553MA-DB01TQ Notebook Intel Celeron N2930 (1.83GHz) 4GB Memory 500GB HDD Intel HD Graphics 15.6 Touchscreen Windows 8.1 64-Bit","http://www.newegg.com/Product/Product.aspx?Item=N82E16834231871","419.99, DL DVD+-RW/CD-RW, Windows 8.1 64-Bit, 1366 x 768, Touchscreen, Intel HD Graphics, 4GB Memory 500GB HDD, Intel Celeron N2930 (1.83GHz)"
"104","HP Chromebook 14 (F7W51UA#ABA) Chromebook Intel Celeron 4GB Memory 32GB SSD 14.0 Chrome OS","http://www.newegg.com/Product/Product.aspx?Item=9SIA0AJ1R82338","549.95, Chrome OS, 1366 x 768, Intel HD Graphics, 4GB Memory 32GB SSD, Intel Celeron 2955U (1.40GHz)"
"105","Refurbished: DELL Latitude D630 ASB Notebook with Armor Shield Black Intel Core 2 Duo 2.00GHz 2GB Memory 80GB HDD 14.1 Windows 7 Home Premium","http://www.newegg.com/Product/Product.aspx?Item=N82E16834200488","149.99, DVD/CDRW, Windows 7 Home Premium, 2GB Memory 80GB HDD, Intel Core 2 Duo 2.00GHz"
"106","ASUS X555LB-NS51 Notebook Intel Core i5 5200U (2.20GHz) 8GB Memory 750GB HDD NVIDIA GeForce GT 940M 15.6 Windows 8.1 64-Bit","http://www.newegg.com/Product/Product.aspx?Item=N82E16834232376","679.99, DL DVD+-RW/CD-RW, Windows 8.1 64-Bit, 1920 x 1080, NVIDIA GeForce GT 940M, 8GB Memory 750GB HDD, Intel Core i5 5200U (2.20GHz)"
"107","Lenovo X150E Chromebook Intel Celeron N2930 (1.83GHz) 4GB Memory 16GB SSD 11.6 Chrome OS","http://www.newegg.com/Product/Product.aspx?Item=9SIA1J21XR3866","249.00, Chrome OS, Intel HD Graphics, 4GB Memory 16GB SSD, Intel Celeron N2930 (1.83GHz)"
"108","Acer Aspire E1-731-4699 Notebook Intel Pentium 2020M (2.40GHz) 4GB Memory 500GB HDD Intel HD Graphics 17.3 Windows 7 Home Premium 64-Bit","http://www.newegg.com/Product/Product.aspx?Item=N82E16834314435","406.99, DVD±R/RW, Windows 7 Home Premium 64-Bit, 1600 x 900, Intel HD Graphics, 4GB Memory 500GB HDD, Intel Pentium 2020M (2.40GHz)"
"109","Acer C720P-2625 Chromebook Intel Celeron 2955U (1.40GHz) 4GB Memory 16GB SSD 11.6 Touchscreen Chrome OS","http://www.newegg.com/Product/Product.aspx?Item=N82E16834314375","321.99, Chrome OS, 1366 x 768, Intel HD Graphics, 4GB Memory 16GB SSD, Intel Celeron 2955U (1.40GHz)"
"110","Lenovo IdeaPad G50 (59421808) Notebook Intel Core i7 4510U (2.00GHz) 8GB Memory 1TB HDD Intel HD Graphics 4400 15.6 Windows 8.1","http://www.newegg.com/Product/Product.aspx?Item=N82E16834317599","619.99, DVDRW, Windows 8.1, 1366 x 768, Intel HD Graphics 4400, 8GB Memory 1TB HDD, Intel Core i7 4510U (2.00GHz)"
"111","Apple MacBook Pro 15.4 in Retina 2.2GHz 16GB 256GB - Mid 2014","http://www.newegg.com/Product/Product.aspx?Item=9SIA4HM2BM6032","1755.98"
"112","Refurbished: Lenovo ThinkPad T410 14.1 Notebook with Intel Core i5 2.40Ghz, 4GB DDR3 Memory, 500GB HDD, DVDROM, Windows 7 Professional 64 Bit","http://www.newegg.com/Product/Product.aspx?Item=N82E16834318087","239.99, Easy to Upgrade, Intermediate 500GB Storage Size, 4GB RAM For Enhanced Productivity, Core i5 Processing Power"
"113","Acer Aspire E5-571-5552 Notebook Intel Core i5 4210U (1.70GHz) 4GB DDR3L Memory 500GB HDD Intel HD Graphics 4400 15.6 Windows 8.1","http://www.newegg.com/Product/Product.aspx?Item=N82E16834314539","419.99, Windows 8.1, 1366 x 768, Intel HD Graphics 4400, 4GB DDR3L Memory 500GB HDD, Intel Core i5 4210U (1.70GHz)"
"114","Refurbished: Lenovo T420 Notebook Intel Core i5 2520M (2.50GHz) 4GB Memory 320GB HDD Intel HD Graphics 3000 14.0 Windows 7 Professional 64-Bit","http://www.newegg.com/Product/Product.aspx?Item=N82E16834318380","279.99, DVDRW, Windows 7 Professional 64-Bit, 1600 x 900, Intel HD Graphics 3000, 4GB Memory 320GB HDD, Intel Core i5 2520M (2.50GHz)"
"115","Refurbished: Lenovo G510S 15.6 Touchscreen Notebook with Intel Core i5-4200M (3.10Ghz Turbo), 6GB DDR3 RAM, 1TB HDD, HD Webcam, DVDRW Super Multi, Bluetooth 4.0, HDMI Out, Windows 8.1","http://www.newegg.com/Product/Product.aspx?Item=N82E16834317975","524.99, Battery Saving Technology, Simple Maintenance, Stereo speakers with Dolby Advanced Audio certification, 10 Point MultiTouch HD Display, Versatile Touchscreen Notebook, 1 Year Lenovo Direct Warranty"
"116","Refurbished: TOSHIBA Qosmio X70-A/02702KB Gaming Laptop Intel Core i7 4700MQ (2.40GHz) 8GB Memory 1TB HDD NVIDIA GeForce GTX 770M 3 GB GDDR5 17.3 Windows 8 64-Bit","http://www.newegg.com/Product/Product.aspx?Item=N82E16834216889","1039.99, 9.5mmH 6x BD-RE(BDXL), Windows 8 64-Bit, 17.3&quot;, 8GB Memory 1TB HDD, Intel Core i7 4700MQ (2.40GHz), NVIDIA GeForce GTX 770M 3 GB GDDR5"
"117","TOSHIBA CB35-A3120 Chromebook Intel Celeron 2955U (1.40GHz) 2GB Memory 16GB SSD 13.3 Chrome OS","http://www.newegg.com/Product/Product.aspx?Item=9SIA0AJ1YB4573","449.95, Chrome OS, 1366 x 768, Intel HD Graphics, 2GB Memory 16GB SSD, Intel Celeron 2955U (1.40GHz)"
"118","DELL 730-8302 Chromebook Intel Celeron 2955U (1.40GHz) 2GB Memory 16GB SSD 11.6 Chrome OS","http://www.newegg.com/Product/Product.aspx?Item=9SIA24G1S91235","221.37, Chrome OS, 1366 x 768, Intel HD Graphics, 2GB Memory 16GB SSD, Intel Celeron 2955U (1.40GHz)"
"119","ASUS C200MA-EDU Chromebook Intel Celeron Dual-Core N2830 (2.16GHz) 2GB Memory 16GB eMMC SSD 11.6 Chrome OS","http://www.newegg.com/Product/Product.aspx?Item=N82E16834231868","255.99, Chrome OS, 1366 x 768, Intel HD Graphics, 2GB Memory 16GB eMMC SSD, Intel Celeron Dual-Core N2830 (2.16GHz)"
"120","Refurbished: TOSHIBA L75D-A7283 NotebookAMD A-Series A4-5000 (1.50GHz) 6GB Memory 750GB HDD DVD Super Multi Webcam AMD Radeon HD 8330 17.3 Windows 8 64-Bit","http://www.newegg.com/Product/Product.aspx?Item=N82E16834216908","314.99, DVD Super Multi, Windows 8 64-Bit, 1600 x 900, AMD Radeon HD 8330, 6GB Memory 750GB HDD, AMD A-Series A4-5000 (1.50GHz)"
"121","Refurbished: DELL Latitude D630 (NBDED63M20MECBG) Intel Core 2 Duo 2.00GHz 14.1 2GB Memory 80GB HDD Windows 7 Home Premium 64-Bit Notebook (B Grade: Scratch and Dent)","http://www.newegg.com/Product/Product.aspx?Item=N82E16834200871","139.99, CDRW/DVD, Windows 7 Home Premium 64-Bit, 2GB Memory 80GB HDD, Intel Core 2 Duo 2.00GHz"
"122","Refurbished: ASUS K553MA-DB01TQ Notebook Intel Celeron N2930 (1.83GHz) 4GB Memory 500GB HDD Intel HD Graphics 15.6 Touchscreen Windows 8.1 64-Bit","http://www.newegg.com/Product/Product.aspx?Item=N82E16834232277","309.99, DL DVD+-RW/CD-RW, Windows 8.1 64-Bit, 1366 x 768, Touchscreen, Intel HD Graphics, 4GB Memory 500GB HDD, Intel Celeron N2930 (1.83GHz)"
"123","ThinkPad X Series X131e (628323U) Chromebook Intel Celeron 1007U (1.5GHz) 4GB Memory 16GB SSD 11.6 Chrome OS","http://www.newegg.com/Product/Product.aspx?Item=9SIA6R42C50281","299.99, Chrome OS, 1366 x 768, Intel HD Graphics, 4GB Memory 16GB SSD, Intel Celeron 1007U(1.5GHz)"
"124","Acer Aspire V5 V5-552P-X404 Notebook AMD A-Series A10-5757M (2.50GHz) 8GB Memory 1TB HDD AMD Radeon HD 8650G 15.6 Windows 8.1 64-Bit","http://www.newegg.com/Product/Product.aspx?Item=N82E16834314739","589.99, Windows 8.1 64-Bit, 1366 x 768, AMD Radeon HD 8650G, 8GB Memory 1TB HDD, AMD A-Series A10-5757M (2.50GHz)"
